{
  "iou": 0.8406216572312748,
  "dice": 0.9126963019371033,
  "pixel_acc": 0.9745153924998116,
  "precision": 0.9229855923091664,
  "recall": 0.903798545108122
}